{
    "id": 4,
    "description": "leaning_wall",
    "N_bricks": 2,
    "mu": 0.5,
    "epsilon": 0.0001,
    "g": 9.81,
    "width": 1.0,
    "height": 0.4,
    "mass": 1.0,
    "R_list": [
        [
            0.9742640687119286,
            0.2,
            0.0
        ],
        [
            0.009435,
            0.397573,
            0.45
        ]
    ]
}