{
    "id": 5,
    "description": "overhang4",
    "N_bricks": 4,
    "mu": 0.5,
    "epsilon": 0.0001,
    "g": 9.81,
    "width": 1.0,
    "height": 0.4,
    "mass": 1.0,
    "R_list": [
        [
            0.0,
            0.2,
            0.0
        ],
        [
            0.1666666666666667,
            0.6,
            0.0
        ],
        [
            0.4166666666666667,
            1.0,
            0.0
        ],
        [
            0.916666666666666,
            1.4,
            0.0
        ]
    ]
}