{
    "id": 6,
    "description": "overhang6",
    "N_bricks": 6,
    "mu": 0.5,
    "epsilon": 0.0001,
    "g": 9.81,
    "width": 1.0,
    "height": 0.4,
    "mass": 1.0,
    "R_list": [
        [
            0.0,
            0.2,
            0.0
        ],
        [
            0.1,
            0.6,
            0.0
        ],
        [
            0.225,
            1.0,
            0.0
        ],
        [
            0.3916666666666666,
            1.4,
            0.0
        ],
        [
            0.6416666666666666,
            1.8,
            0.0
        ],
        [
            1.1416666666666666,
            2.2,
            0.0
        ]
    ]
}