{
    "id": 4,
    "description": "leaning_wall",
    "N_bricks": 2,
    "mu": 0.5,
    "epsilon": 0.0001,
    "g": 9.81,
    "width": 1.0,
    "height": 0.4,
    "mass": 1.0,
    "R_list": [
        [
            0.23639509995596428,
            0.4949747468305833,
            0.7853981633974483
        ],
        [
            0.9242640687119286,
            0.2,
            0.0
        ]
    ]
}